{"cameraMode":{"drawMode":0,"name":"Shaded","section":"Shading Mode"},"sceneLighting":false,"audioPlay":false,"sceneViewState":{"m_AlwaysRefresh":false,"showFog":true,"showSkybox":false,"showFlares":true,"showImageEffects":true,"showParticleSystems":true,"showVisualEffectGraphs":true,"m_FxEnabled":true},"in2DMode":false,"pivot":{"x":0.3144760727882385,"y":0.06088678538799286,"z":-0.2818887233734131},"rotation":{"x":-0.03326452523469925,"y":-0.9217752814292908,"z":0.37761980295181277,"w":-0.08123206347227097},"size":0.9339718222618103,"orthographic":false}