{"cameraMode":{"drawMode":0,"name":"Shaded","section":"Shading Mode"},"sceneLighting":false,"audioPlay":false,"sceneViewState":{"m_AlwaysRefresh":false,"showFog":true,"showSkybox":false,"showFlares":true,"showImageEffects":true,"showParticleSystems":true,"showVisualEffectGraphs":true,"m_FxEnabled":true},"in2DMode":false,"pivot":{"x":-0.0472104549407959,"y":1.0180253982543946,"z":0.09889018535614014},"rotation":{"x":-0.022038741037249566,"y":-0.2574004828929901,"z":0.0058717988431453709,"w":-0.9660295248031616},"size":0.8660283088684082,"orthographic":false}